node;pid;tid;core_id;sample_count;
ip-10-0-4-202;5080;5080;1;1994;
ip-10-0-4-202;5080;5080;2;7618;
ip-10-0-4-202;5080;5080;3;10756;
ip-10-0-4-202;5080;5080;4;6422;
ip-10-0-4-202;5080;5080;5;1194;
ip-10-0-4-202;5080;5080;6;4282;
ip-10-0-4-202;5080;5080;7;5036;
ip-10-0-4-202;5080;5080;8;6603;
ip-10-0-4-202;5080;5080;9;4240;
ip-10-0-4-202;5080;5080;10;98221;
ip-10-0-4-202;5080;5080;11;2041;
ip-10-0-4-202;5080;5080;12;16539;
ip-10-0-4-202;5080;5080;13;9282;
ip-10-0-4-202;5080;5080;14;15543;
ip-10-0-4-202;5080;5080;15;3139;
ip-10-0-4-202;5080;5080;16;4367;
